mentor_id,mentor_name,username,password
M001,Aarav Sharma,aarav.s,default
M002,Isha Patel,isha.p,default
M003,Rohan Mehta,rohan.m,default
M004,Ananya Gupta,ananya.g,default
M005,Kunal Verma,kunal.v,default
M006,Priya Nair,priya.n,default
M007,Vikram Singh,vikram.s,default
M008,Sanya Khanna,sanya.k,default
M009,Aditya Rao,aditya.r,default
M010,Meera Desai,meera.d,default
M011,Rahul Kapoor,rahul.k,default
M012,Nikita Iyer,nikita.i,default
M013,Arjun Malhotra,arjun.m,default
M014,Simran Kaur,simran.k,default
M015,Dev Patel,dev.p,default
M016,Pooja Menon,pooja.m,default
M017,Manish Joshi,manish.j,default
M018,Neha Choudhary,neha.c,default
M019,Siddharth Jain,siddharth.j,default
M020,Tanya Bhatia,tanya.b,default
